Participant Data Load Template - PLEASE DO NOT DELETE THE FIRST 6 ROWS OF THIS TEMPLATE,,,,,,
,,,,,,
Please use the template below to specify corporate participants. They will be loaded but not activated and merged with any existing participants. ,,,,,,
Participants can always be added manually through the People dashboard or by loading this template again. ,,,,,,
,,,,,,
First Name,Last Name,Email,Title,Department,Manager (Email)
Conrad25,Owen25,cowen+25@rypple.com,Conrad25,Conrad Dept., cowen@rypple.com
conrad26,owen26,cowen+26@rypple.com,conrad26,conrad dept., cowen@rypple.com
Conrad27,Owen27,cowen+27@rypple.com,Conrad27,Conrad Dept., cowen@rypple.com
conrad28,owen28,cowen+28@rypple.com,conrad28,conrad dept., cowen@rypple.com
Conrad29,Owen29,cowen+29@rypple.com,Conrad29,Conrad Dept., cowen@rypple.com
conrad30,owen30,cowen+30@rypple.com,conrad30,conrad dept., cowen@rypple.com
Conrad31,Owen31,cowen+31@rypple.com,Conrad31,Conrad Dept., cowen@rypple.com
conrad32,owen32,cowen+32@rypple.com,conrad32,conrad dept., cowen@rypple.com
Conrad33,Owen33,cowen+33@rypple.com,Conrad33,Conrad Dept., cowen@rypple.com
conrad34,owen34,cowen+34@rypple.com,conrad34,conrad dept., cowen@rypple.com
Conrad0,Owen0,cowen+0@rypple.com,Conrad0,Conrad Dept., cowen@rypple.com
Conrad1,Owen1,cowen+1@rypple.com,Conrad1,Conrad Dept., cowen@rypple.com
Conrad2,Owen2,cowen+2@rypple.com,Conrad2,Conrad Dept., cowen@rypple.com
Conrad3,Owen3,cowen+3@rypple.com,Conrad3,Conrad Dept., cowen@rypple.com
Conrad4,Owen4,cowen+4@rypple.com,Conrad4,Conrad Dept., cowen@rypple.com
Conrad5,Owen5,cowen+5@rypple.com,Conrad5,Conrad Dept., cowen@rypple.com
Conrad6,Owen6,cowen+6@rypple.com,Conrad6,Conrad Dept., cowen@rypple.com
Conrad7,Owen7,cowen+7@rypple.com,Conrad7,Conrad Dept., cowen@rypple.com
Conrad8,Owen8,cowen+8@rypple.com,Conrad8,Conrad Dept., cowen@rypple.com
Conrad9,Owen9,cowen+9@rypple.com,Conrad9,Conrad Dept., cowen@rypple.com
Conrad10,Owen10,cowen+10@rypple.com,Conrad10,Conrad Dept., cowen@rypple.com
Conrad11,Owen11,cowen+11@rypple.com,Conrad11,Conrad Dept., cowen@rypple.com
Conrad12,Owen12,cowen+12@rypple.com,Conrad12,Conrad Dept., cowen@rypple.com
Conrad13,Owen13,cowen+13@rypple.com,Conrad13,Conrad Dept., cowen@rypple.com
Conrad14,Owen14,cowen+14@rypple.com,Conrad14,Conrad Dept., cowen@rypple.com
Conrad15,Owen15,cowen+15@rypple.com,Conrad15,Conrad Dept., cowen@rypple.com
Conrad16,Owen16,cowen+16@rypple.com,Conrad16,Conrad Dept., cowen@rypple.com
Conrad17,Owen17,cowen+17@rypple.com,Conrad17,Conrad Dept., cowen@rypple.com
Conrad18,Owen18,cowen+18@rypple.com,Conrad18,Conrad Dept., cowen@rypple.com
Conrad19,Owen19,cowen+19@rypple.com,Conrad19,Conrad Dept., cowen@rypple.com
Conrad20,Owen20,cowen+20@rypple.com,Conrad20,Conrad Dept., cowen@rypple.com
Conrad21,Owen21,cowen+21@rypple.com,Conrad21,Conrad Dept., cowen@rypple.com
Conrad22,Owen22,cowen+22@rypple.com,Conrad22,Conrad Dept., cowen@rypple.com
Conrad23,Owen23,cowen+23@rypple.com,Conrad23,Conrad Dept., cowen@rypple.com
Conrad24,Owen24,cowen+24@rypple.com,Conrad24,Conrad Dept., cowen@rypple.com
